sample_id,emotion,energy,zcr,spectral_centroid
0,angry,0.868283,0.737601,0.795027
1,angry,0.906434,0.682938,0.671869
2,angry,0.85767,0.781025,0.748992
3,angry,0.798817,0.852764,0.796668
4,angry,0.853962,0.867634,0.778051
5,angry,0.798442,0.822125,0.692467
6,angry,0.902707,0.797004,0.738908
7,angry,0.809144,0.873352,0.740728
8,angry,0.8243,0.778872,0.781939
9,angry,0.871927,0.824764,0.775849
10,angry,0.978499,0.775615,0.719265
11,angry,0.801174,0.836959,0.817738
12,angry,0.843163,0.749591,0.700531
13,angry,0.889036,0.844595,0.782589
14,angry,0.810069,0.81393,0.757001
15,angry,0.863121,0.852286,0.763416
16,angry,0.890735,0.804055,0.767347
17,angry,0.887877,0.712571,0.73082
18,angry,0.821778,0.761667,0.733491
19,angry,0.939696,0.74805,0.808097
20,angry,0.749028,0.779907,0.759765
21,angry,0.885173,0.842674,0.797601
22,angry,0.829076,0.772259,0.801479
23,angry,0.838522,0.723459,0.682003
24,angry,0.794833,0.82983,0.758546
25,angry,0.891429,0.774365,0.759512
26,angry,0.887535,0.781439,0.777407
27,angry,0.810284,0.778217,0.727096
28,angry,0.77825,0.829218,0.721836
29,angry,0.85075,0.828845,0.776792
30,angry,0.889923,0.794091,0.724602
31,angry,0.845217,0.69876,0.663173
32,angry,0.770638,0.740165,0.773986
33,angry,0.795671,0.77731,0.827954
34,angry,0.828624,0.844251,0.693983
35,angry,0.837674,0.742999,0.729658
36,angry,0.900418,0.696361,0.776065
37,angry,0.864264,0.764351,0.663237
38,angry,0.854328,0.76823,0.763961
39,angry,0.851311,0.896107,0.735639
40,happy,0.63859,0.660757,0.8132
41,happy,0.781551,0.700107,0.821412
42,happy,0.787798,0.578674,0.761615
43,happy,0.644405,0.626611,0.717399
44,happy,0.738109,0.636667,0.711752
45,happy,0.639065,0.668811,0.850288
46,happy,0.819804,0.824832,0.824865
47,happy,0.640628,0.522077,0.816063
48,happy,0.651224,0.625079,0.763274
49,happy,0.691553,0.713959,0.809423
50,happy,0.690482,0.587861,0.699519
51,happy,0.670822,0.646773,0.906076
52,happy,0.707816,0.708964,0.770042
53,happy,0.628903,0.592093,0.756486
54,happy,0.827708,0.600717,0.850309
55,happy,0.645824,0.705894,0.823097
56,happy,0.690602,0.647554,0.760713
57,happy,0.726764,0.622701,0.726464
58,happy,0.623324,0.660355,0.894745
59,happy,0.709599,0.642882,0.81715
60,happy,0.77836,0.663163,0.775344
61,happy,0.766377,0.675725,0.892145
62,happy,0.710994,0.576532,0.71791
63,happy,0.799056,0.75342,0.789229
64,happy,0.677009,0.737687,0.733577
65,happy,0.646316,0.6886,0.776324
66,happy,0.699693,0.640193,0.820254
67,happy,0.784449,0.655435,0.838636
68,happy,0.57699,0.647077,0.749406
69,happy,0.626871,0.597311,0.779953
70,happy,0.754954,0.570416,0.801838
71,happy,0.67095,0.63034,0.860165
72,happy,0.732287,0.730244,0.79073
73,happy,0.658243,0.636568,0.81455
74,happy,0.710594,0.584937,0.805429
75,happy,0.713694,0.801048,0.912611
76,happy,0.648805,0.632757,0.712193
77,happy,0.664558,0.668936,0.872351
78,happy,0.656255,0.610751,0.671163
79,happy,0.69024,0.586255,0.768234
80,sad,0.197388,0.244344,0.194536
81,sad,0.161977,0.377755,0.222755
82,sad,0.184193,0.360215,0.474304
83,sad,0.179706,0.227905,0.320493
84,sad,0.353722,0.190789,0.285283
85,sad,0.29664,0.276086,0.277431
86,sad,0.241971,0.167506,0.28571
87,sad,0.234017,0.26393,0.26668
88,sad,0.278292,0.310763,0.309326
89,sad,0.271105,0.253189,0.300005
90,sad,0.206707,0.26899,0.294163
91,sad,0.37559,0.344401,0.323151
92,sad,0.204217,0.183255,0.371469
93,sad,0.265765,0.278809,0.195325
94,sad,0.305646,0.277265,0.233374
95,sad,0.221709,0.265823,0.303148
96,sad,0.23247,0.243791,0.284881
97,sad,0.259154,0.33829,0.146
98,sad,0.235789,0.260591,0.31776
99,sad,0.227685,0.144597,0.31968
100,sad,0.353641,0.157968,0.35183
101,sad,0.230288,0.246321,0.236826
102,sad,0.229933,0.328003,0.334959
103,sad,0.353939,0.320645,0.326345
104,sad,0.354636,0.27634,0.349679
105,sad,0.232206,0.253993,0.258155
106,sad,0.309375,0.179302,0.346941
107,sad,0.238561,0.320275,0.345052
108,sad,0.359239,0.293846,0.205678
109,sad,0.245983,0.17968,0.268903
110,sad,0.340674,0.288252,0.258064
111,sad,0.189177,0.251967,0.227006
112,sad,0.209732,0.268721,0.369319
113,sad,0.286526,0.112523,0.318262
114,sad,0.254322,0.274833,0.396973
115,sad,0.126206,0.214534,0.335454
116,sad,0.155104,0.338557,0.322101
117,sad,0.300795,0.215743,0.348826
118,sad,0.314108,0.263973,0.314064
119,sad,0.266221,0.198199,0.291148
120,neutral,0.490849,0.473004,0.559989
121,neutral,0.436488,0.442499,0.588887
122,neutral,0.455385,0.400665,0.512138
123,neutral,0.550663,0.450686,0.579738
124,neutral,0.551408,0.500509,0.533247
125,neutral,0.639659,0.43769,0.379789
126,neutral,0.596255,0.422538,0.506473
127,neutral,0.578573,0.353864,0.424901
128,neutral,0.403923,0.402352,0.526378
129,neutral,0.531451,0.466576,0.415234
130,neutral,0.361394,0.453261,0.471693
131,neutral,0.527563,0.492117,0.508294
132,neutral,0.545608,0.463753,0.531804
133,neutral,0.45772,0.439223,0.511807
134,neutral,0.549232,0.426376,0.53127
135,neutral,0.48405,0.442947,0.549771
136,neutral,0.380416,0.372212,0.411069
137,neutral,0.359983,0.409304,0.544966
138,neutral,0.482907,0.461867,0.565353
139,neutral,0.579661,0.445852,0.581215
140,neutral,0.505528,0.399756,0.464336
141,neutral,0.411168,0.396712,0.478519
142,neutral,0.548215,0.553246,0.417069
143,neutral,0.52357,0.387567,0.528482
144,neutral,0.492135,0.340146,0.555698
145,neutral,0.4637,0.417966,0.435815
146,neutral,0.460743,0.475673,0.488645
147,neutral,0.51972,0.471715,0.57924
148,neutral,0.479433,0.361389,0.564033
149,neutral,0.480111,0.516876,0.523003
150,neutral,0.492132,0.470927,0.617061
151,neutral,0.624619,0.454163,0.509611
152,neutral,0.564574,0.39926,0.519984
153,neutral,0.498448,0.468834,0.449998
154,neutral,0.404626,0.325621,0.432957
155,neutral,0.472479,0.432409,0.616234
156,neutral,0.56636,0.392275,0.520863
157,neutral,0.475575,0.432938,0.51112
158,neutral,0.53715,0.429644,0.563831
159,neutral,0.431484,0.45038,0.65586
